Designator,Quantity,Value,Footprint,Description,Manufacturer,Manufacturer Part Number,Distributor Link
"C1, C2, C5, C8, C16",5,4u7,Capacitor_SMD:C_0603_1608Metric,Unpolarized capacitor,KYOCERA AVX,KGM15CR51E475KT,https://www.mouser.de/ProductDetail/KYOCERA-AVX/KGM15CR51E475KT?qs=Jm2GQyTW%2FbixQyNI34FoPQ%3D%3D
"C3, C4, C6, C7, C9, C10, C11, C12, C15, C17",10,100n,Capacitor_SMD:C_0402_1005Metric,Unpolarized capacitor,Wurth Elektronik,885012205086,https://www.mouser.de/ProductDetail/Wurth-Elektronik/885012205086?qs=amGC7iS6iy9PDKAAMqQhzg%3D%3D
"C13, C14",2,10p,Capacitor_SMD:C_0402_1005Metric,Unpolarized capacitor,KEMET,C0402C100K8HACAUTO,https://www.mouser.de/ProductDetail/KEMET/C0402C100K8HACAUTO?qs=j%252B1pi9TdxUbSCidW22i%2FeQ%3D%3D
C18,1,0p8,Capacitor_SMD:C_0402_1005Metric,Unpolarized capacitor,Murata Electronics,GRM1555C1HR80BA01D,https://www.mouser.de/ProductDetail/Murata-Electronics/GRM1555C1HR80BA01D?qs=e%252BE4OD6MgMezPYPintwvrA%3D%3D
C19,1,0p3,Capacitor_SMD:C_0402_1005Metric,Unpolarized capacitor,Murata Electronics,GRM1555C1HR30WA01D,https://www.mouser.de/ProductDetail/Murata-Electronics/GRM1555C1HR30WA01D?qs=e%252BE4OD6MgMcS%252BbE0ktTutg%3D%3D
D1,1,Green,LED_SMD:LED_0402_1005Metric,Light emitting diode,Lite-On,LTST-C281KGKT,https://www.mouser.de/ProductDetail/Lite-On/LTST-C281KGKT?qs=xb8aMrBSZRJ6%2FVAKgwiAkw%3D%3D
D2,1,Blue,LED_SMD:LED_0402_1005Metric,Light emitting diode,Vishay Semiconductors,VLMB1500-GS08,https://www.mouser.de/ProductDetail/Vishay-Semiconductors/VLMB1500-GS08?qs=2BArZ0I3Qlk9hauZMM5azA%3D%3D
FTL1,1,DLF162500LT-5028A1,custom:DLF162500LT-5028A1,RF-Lowpass filter,TDK,DLF162500LT-5028A1,https://www.mouser.de/ProductDetail/TDK/DLF162500LT-5028A1?qs=U%2FZX79kHR%2FlwIbAISCs3qA%3D%3D
J1,1,USB_C_Receptacle_USB2.0,Connector_USB:USB_C_Receptacle_GCT_USB4105-xx-A_16P_TopMnt_Horizontal,USB 2.0-only Type-C Receptacle connector,GCT,USB4105-GF-A,https://www.mouser.de/ProductDetail/GCT/USB4105-GF-A?qs=KUoIvG%2F9IlY%2FMLlBMpStpA%3D%3D
J4,1,Conn_Coaxial,Connector_Coaxial:U.FL_Hirose_U.FL-R-SMT-1_Vertical,"coaxial connector (BNC, SMA, SMB, SMC, Cinch/RCA, LEMO, ...)",Hirose Connector,U.FL-R-SMT(01),https://www.mouser.de/ProductDetail/Hirose-Connector/U.FL-R-SMT01?qs=Ux3WWAnHpjDV3tCCbDi65g%3D%3D
L1,1,10n,Inductor_SMD:L_0402_1005Metric,Inductor,Murata Electronics,LQG15WZ10NJ02D,https://www.mouser.de/ProductDetail/Murata-Electronics/LQG15WZ10NJ02D?qs=60uY6ySkanT1eJ7IaeAl%2Fg%3D%3D
L2,1,10u,Inductor_SMD:L_0805_2012Metric,Inductor,Murata Electronics,LQM21FN100M70L,https://www.mouser.de/ProductDetail/Murata-Electronics/LQM21FN100M70L?qs=8M15sSGRUn%252BogwBrvQUwLA%3D%3D
L3,1,2n7,Inductor_SMD:L_0402_1005Metric,Inductor,Murata Electronics,LQG15HS2N7S02D,https://www.mouser.de/ProductDetail/Murata-Electronics/LQG15HS2N7S02D?qs=ctz47l0uL1AKrLI74yO5Qw%3D%3D
"R1, R2, R3, R6, R7, R12",6,220R,Resistor_SMD:R_0402_1005Metric,Resistor,YAGEO,AF0402JR-07220RL,https://www.mouser.de/ProductDetail/YAGEO/AF0402JR-07220RL?qs=Ghq3E7L6HNfV8BjGdjwaqw%3D%3D
"R4, R5, R8, R9, R10, R11",6,5k1,Resistor_SMD:R_0402_1005Metric,Resistor,Panasonic,ERJ-2RKF5101X,https://www.mouser.de/ProductDetail/Panasonic/ERJ-2RKF5101X?qs=YMBIwoNQYdXx9lAucePQAA%3D%3D
SW1,1,SW_Push,Button_Switch_SMD:SW_SPST_CK_RS282G05A3,"Push button switch, generic, two pins",C&K,RS282G05A3SMRT,https://www.mouser.de/ProductDetail/CK/RS282G05A3SMRT?qs=Gufeu08L%2Fl2VU43xmeLp5Q%3D%3D
U1,1,MIC5365-3.3YD5,Package_TO_SOT_SMD:SOT-23-5,"150mA Low-dropout Voltage Regulator, Vout 3.3V, Vin up to 5.5V, SOT-23-5",Microchip Technology,MIC5365-3.3YD5-TR,https://www.mouser.de/ProductDetail/Microchip-Technology/MIC5365-3.3YD5-TR?qs=U6T8BxXiZAXzRinbbfZRrg%3D%3D
U2,1,USBLC6-2SC6,Package_TO_SOT_SMD:SOT-23-6,"Very low capacitance ESD protection diode, 2 data-line, SOT-23-6",STMicroelectronics,USBLC6-2SC6,https://www.mouser.de/ProductDetail/STMicroelectronics/USBLC6-2SC6?qs=po45yt2pPpu%2FhNIlwQdTlg%3D%3D
U3,1,STM32WB55CEU6,Package_DFN_QFN:QFN-48-1EP_7x7mm_P0.5mm_EP5.6x5.6mm,"STMicroelectronics Arm Cortex-M4 MCU, 512KB flash, 256KB RAM, 64 MHz, 1.71-3.6V, 30 GPIO, UFQFPN48",STMicroelectronics,STM32WB55CEU6,https://www.mouser.de/ProductDetail/STMicroelectronics/STM32WB55CEU6?qs=sGAEpiMZZMutXGli8Ay4kBWv84s2P%2FIYMjTuX1A47XY%3D
X1,1,32k768,Crystal:Crystal_SMD_2012-2Pin_2.0x1.2mm,Two pin crystal,NDK,NX2012SA-32.768K-STD-MUB-1,https://www.mouser.de/ProductDetail/NDK/NX2012SA-32.768K-STD-MUB-1?qs=55YtniHzbhA%252B6%2Fl1MwFZaQ%3D%3D
X2,1,32M,Crystal:Crystal_SMD_2016-4Pin_2.0x1.6mm,"Four pin crystal, GND on pins 2 and 4",NDK,NX2016SA-32M-EXS00A-CS06465,https://www.mouser.de/ProductDetail/NDK/NX2016SA-32M-EXS00A-CS06465?qs=w%2Fv1CP2dgqr82b0JjRnv4A%3D%3D
